file_path,actor_id,emotion,emotion_code,split
data\raw\Actor_01\03-01-05-01-01-01-01.wav,1,angry,5,test
data\raw\Actor_01\03-01-05-01-01-02-01.wav,1,angry,5,test
data\raw\Actor_01\03-01-05-01-02-01-01.wav,1,angry,5,test
data\raw\Actor_01\03-01-05-01-02-02-01.wav,1,angry,5,test
data\raw\Actor_01\03-01-05-02-01-01-01.wav,1,angry,5,test
data\raw\Actor_01\03-01-05-02-01-02-01.wav,1,angry,5,test
data\raw\Actor_01\03-01-05-02-02-01-01.wav,1,angry,5,test
data\raw\Actor_01\03-01-05-02-02-02-01.wav,1,angry,5,test
data\raw\Actor_01\03-01-03-01-01-01-01.wav,1,happy,3,test
data\raw\Actor_01\03-01-03-01-01-02-01.wav,1,happy,3,test
data\raw\Actor_01\03-01-03-01-02-01-01.wav,1,happy,3,test
data\raw\Actor_01\03-01-03-01-02-02-01.wav,1,happy,3,test
data\raw\Actor_01\03-01-03-02-01-01-01.wav,1,happy,3,test
data\raw\Actor_01\03-01-03-02-01-02-01.wav,1,happy,3,test
data\raw\Actor_01\03-01-03-02-02-01-01.wav,1,happy,3,test
data\raw\Actor_01\03-01-03-02-02-02-01.wav,1,happy,3,test
data\raw\Actor_01\03-01-01-01-01-01-01.wav,1,neutral,1,test
data\raw\Actor_01\03-01-01-01-01-02-01.wav,1,neutral,1,test
data\raw\Actor_01\03-01-01-01-02-01-01.wav,1,neutral,1,test
data\raw\Actor_01\03-01-01-01-02-02-01.wav,1,neutral,1,test
data\raw\Actor_01\03-01-04-01-01-01-01.wav,1,sad,4,test
data\raw\Actor_01\03-01-04-01-01-02-01.wav,1,sad,4,test
data\raw\Actor_01\03-01-04-01-02-01-01.wav,1,sad,4,test
data\raw\Actor_01\03-01-04-01-02-02-01.wav,1,sad,4,test
data\raw\Actor_01\03-01-04-02-01-01-01.wav,1,sad,4,test
data\raw\Actor_01\03-01-04-02-01-02-01.wav,1,sad,4,test
data\raw\Actor_01\03-01-04-02-02-01-01.wav,1,sad,4,test
data\raw\Actor_01\03-01-04-02-02-02-01.wav,1,sad,4,test
data\raw\Actor_02\03-01-05-01-01-01-02.wav,2,angry,5,test
data\raw\Actor_02\03-01-05-01-01-02-02.wav,2,angry,5,test
data\raw\Actor_02\03-01-05-01-02-01-02.wav,2,angry,5,test
data\raw\Actor_02\03-01-05-01-02-02-02.wav,2,angry,5,test
data\raw\Actor_02\03-01-05-02-01-01-02.wav,2,angry,5,test
data\raw\Actor_02\03-01-05-02-01-02-02.wav,2,angry,5,test
data\raw\Actor_02\03-01-05-02-02-01-02.wav,2,angry,5,test
data\raw\Actor_02\03-01-05-02-02-02-02.wav,2,angry,5,test
data\raw\Actor_02\03-01-03-01-01-01-02.wav,2,happy,3,test
data\raw\Actor_02\03-01-03-01-01-02-02.wav,2,happy,3,test
data\raw\Actor_02\03-01-03-01-02-01-02.wav,2,happy,3,test
data\raw\Actor_02\03-01-03-01-02-02-02.wav,2,happy,3,test
data\raw\Actor_02\03-01-03-02-01-01-02.wav,2,happy,3,test
data\raw\Actor_02\03-01-03-02-01-02-02.wav,2,happy,3,test
data\raw\Actor_02\03-01-03-02-02-01-02.wav,2,happy,3,test
data\raw\Actor_02\03-01-03-02-02-02-02.wav,2,happy,3,test
data\raw\Actor_02\03-01-01-01-01-01-02.wav,2,neutral,1,test
data\raw\Actor_02\03-01-01-01-01-02-02.wav,2,neutral,1,test
data\raw\Actor_02\03-01-01-01-02-01-02.wav,2,neutral,1,test
data\raw\Actor_02\03-01-01-01-02-02-02.wav,2,neutral,1,test
data\raw\Actor_02\03-01-04-01-01-01-02.wav,2,sad,4,test
data\raw\Actor_02\03-01-04-01-01-02-02.wav,2,sad,4,test
data\raw\Actor_02\03-01-04-01-02-01-02.wav,2,sad,4,test
data\raw\Actor_02\03-01-04-01-02-02-02.wav,2,sad,4,test
data\raw\Actor_02\03-01-04-02-01-01-02.wav,2,sad,4,test
data\raw\Actor_02\03-01-04-02-01-02-02.wav,2,sad,4,test
data\raw\Actor_02\03-01-04-02-02-01-02.wav,2,sad,4,test
data\raw\Actor_02\03-01-04-02-02-02-02.wav,2,sad,4,test
data\raw\Actor_14\03-01-05-01-01-01-14.wav,14,angry,5,test
data\raw\Actor_14\03-01-05-01-01-02-14.wav,14,angry,5,test
data\raw\Actor_14\03-01-05-01-02-01-14.wav,14,angry,5,test
data\raw\Actor_14\03-01-05-01-02-02-14.wav,14,angry,5,test
data\raw\Actor_14\03-01-05-02-01-01-14.wav,14,angry,5,test
data\raw\Actor_14\03-01-05-02-01-02-14.wav,14,angry,5,test
data\raw\Actor_14\03-01-05-02-02-01-14.wav,14,angry,5,test
data\raw\Actor_14\03-01-05-02-02-02-14.wav,14,angry,5,test
data\raw\Actor_14\03-01-03-01-01-01-14.wav,14,happy,3,test
data\raw\Actor_14\03-01-03-01-01-02-14.wav,14,happy,3,test
data\raw\Actor_14\03-01-03-01-02-01-14.wav,14,happy,3,test
data\raw\Actor_14\03-01-03-01-02-02-14.wav,14,happy,3,test
data\raw\Actor_14\03-01-03-02-01-01-14.wav,14,happy,3,test
data\raw\Actor_14\03-01-03-02-01-02-14.wav,14,happy,3,test
data\raw\Actor_14\03-01-03-02-02-01-14.wav,14,happy,3,test
data\raw\Actor_14\03-01-03-02-02-02-14.wav,14,happy,3,test
data\raw\Actor_14\03-01-01-01-01-01-14.wav,14,neutral,1,test
data\raw\Actor_14\03-01-01-01-01-02-14.wav,14,neutral,1,test
data\raw\Actor_14\03-01-01-01-02-01-14.wav,14,neutral,1,test
data\raw\Actor_14\03-01-01-01-02-02-14.wav,14,neutral,1,test
data\raw\Actor_14\03-01-04-01-01-01-14.wav,14,sad,4,test
data\raw\Actor_14\03-01-04-01-01-02-14.wav,14,sad,4,test
data\raw\Actor_14\03-01-04-01-02-01-14.wav,14,sad,4,test
data\raw\Actor_14\03-01-04-01-02-02-14.wav,14,sad,4,test
data\raw\Actor_14\03-01-04-02-01-01-14.wav,14,sad,4,test
data\raw\Actor_14\03-01-04-02-01-02-14.wav,14,sad,4,test
data\raw\Actor_14\03-01-04-02-02-01-14.wav,14,sad,4,test
data\raw\Actor_14\03-01-04-02-02-02-14.wav,14,sad,4,test
data\raw\Actor_19\03-01-05-01-01-01-19.wav,19,angry,5,test
data\raw\Actor_19\03-01-05-01-01-02-19.wav,19,angry,5,test
data\raw\Actor_19\03-01-05-01-02-01-19.wav,19,angry,5,test
data\raw\Actor_19\03-01-05-01-02-02-19.wav,19,angry,5,test
data\raw\Actor_19\03-01-05-02-01-01-19.wav,19,angry,5,test
data\raw\Actor_19\03-01-05-02-01-02-19.wav,19,angry,5,test
data\raw\Actor_19\03-01-05-02-02-01-19.wav,19,angry,5,test
data\raw\Actor_19\03-01-05-02-02-02-19.wav,19,angry,5,test
data\raw\Actor_19\03-01-03-01-01-01-19.wav,19,happy,3,test
data\raw\Actor_19\03-01-03-01-01-02-19.wav,19,happy,3,test
data\raw\Actor_19\03-01-03-01-02-01-19.wav,19,happy,3,test
data\raw\Actor_19\03-01-03-01-02-02-19.wav,19,happy,3,test
data\raw\Actor_19\03-01-03-02-01-01-19.wav,19,happy,3,test
data\raw\Actor_19\03-01-03-02-01-02-19.wav,19,happy,3,test
data\raw\Actor_19\03-01-03-02-02-01-19.wav,19,happy,3,test
data\raw\Actor_19\03-01-03-02-02-02-19.wav,19,happy,3,test
data\raw\Actor_19\03-01-01-01-01-01-19.wav,19,neutral,1,test
data\raw\Actor_19\03-01-01-01-01-02-19.wav,19,neutral,1,test
data\raw\Actor_19\03-01-01-01-02-01-19.wav,19,neutral,1,test
data\raw\Actor_19\03-01-01-01-02-02-19.wav,19,neutral,1,test
data\raw\Actor_19\03-01-04-01-01-01-19.wav,19,sad,4,test
data\raw\Actor_19\03-01-04-01-01-02-19.wav,19,sad,4,test
data\raw\Actor_19\03-01-04-01-02-01-19.wav,19,sad,4,test
data\raw\Actor_19\03-01-04-01-02-02-19.wav,19,sad,4,test
data\raw\Actor_19\03-01-04-02-01-01-19.wav,19,sad,4,test
data\raw\Actor_19\03-01-04-02-01-02-19.wav,19,sad,4,test
data\raw\Actor_19\03-01-04-02-02-01-19.wav,19,sad,4,test
data\raw\Actor_19\03-01-04-02-02-02-19.wav,19,sad,4,test
data\raw\Actor_03\03-01-05-01-01-01-03.wav,3,angry,5,train
data\raw\Actor_03\03-01-05-01-01-02-03.wav,3,angry,5,train
data\raw\Actor_03\03-01-05-01-02-01-03.wav,3,angry,5,train
data\raw\Actor_03\03-01-05-01-02-02-03.wav,3,angry,5,train
data\raw\Actor_03\03-01-05-02-01-01-03.wav,3,angry,5,train
data\raw\Actor_03\03-01-05-02-01-02-03.wav,3,angry,5,train
data\raw\Actor_03\03-01-05-02-02-01-03.wav,3,angry,5,train
data\raw\Actor_03\03-01-05-02-02-02-03.wav,3,angry,5,train
data\raw\Actor_03\03-01-03-01-01-01-03.wav,3,happy,3,train
data\raw\Actor_03\03-01-03-01-01-02-03.wav,3,happy,3,train
data\raw\Actor_03\03-01-03-01-02-01-03.wav,3,happy,3,train
data\raw\Actor_03\03-01-03-01-02-02-03.wav,3,happy,3,train
data\raw\Actor_03\03-01-03-02-01-01-03.wav,3,happy,3,train
data\raw\Actor_03\03-01-03-02-01-02-03.wav,3,happy,3,train
data\raw\Actor_03\03-01-03-02-02-01-03.wav,3,happy,3,train
data\raw\Actor_03\03-01-03-02-02-02-03.wav,3,happy,3,train
data\raw\Actor_03\03-01-01-01-01-01-03.wav,3,neutral,1,train
data\raw\Actor_03\03-01-01-01-01-02-03.wav,3,neutral,1,train
data\raw\Actor_03\03-01-01-01-02-01-03.wav,3,neutral,1,train
data\raw\Actor_03\03-01-01-01-02-02-03.wav,3,neutral,1,train
data\raw\Actor_03\03-01-04-01-01-01-03.wav,3,sad,4,train
data\raw\Actor_03\03-01-04-01-01-02-03.wav,3,sad,4,train
data\raw\Actor_03\03-01-04-01-02-01-03.wav,3,sad,4,train
data\raw\Actor_03\03-01-04-01-02-02-03.wav,3,sad,4,train
data\raw\Actor_03\03-01-04-02-01-01-03.wav,3,sad,4,train
data\raw\Actor_03\03-01-04-02-01-02-03.wav,3,sad,4,train
data\raw\Actor_03\03-01-04-02-02-01-03.wav,3,sad,4,train
data\raw\Actor_03\03-01-04-02-02-02-03.wav,3,sad,4,train
data\raw\Actor_04\03-01-05-01-01-01-04.wav,4,angry,5,train
data\raw\Actor_04\03-01-05-01-01-02-04.wav,4,angry,5,train
data\raw\Actor_04\03-01-05-01-02-01-04.wav,4,angry,5,train
data\raw\Actor_04\03-01-05-01-02-02-04.wav,4,angry,5,train
data\raw\Actor_04\03-01-05-02-01-01-04.wav,4,angry,5,train
data\raw\Actor_04\03-01-05-02-01-02-04.wav,4,angry,5,train
data\raw\Actor_04\03-01-05-02-02-01-04.wav,4,angry,5,train
data\raw\Actor_04\03-01-05-02-02-02-04.wav,4,angry,5,train
data\raw\Actor_04\03-01-03-01-01-01-04.wav,4,happy,3,train
data\raw\Actor_04\03-01-03-01-01-02-04.wav,4,happy,3,train
data\raw\Actor_04\03-01-03-01-02-01-04.wav,4,happy,3,train
data\raw\Actor_04\03-01-03-01-02-02-04.wav,4,happy,3,train
data\raw\Actor_04\03-01-03-02-01-01-04.wav,4,happy,3,train
data\raw\Actor_04\03-01-03-02-01-02-04.wav,4,happy,3,train
data\raw\Actor_04\03-01-03-02-02-01-04.wav,4,happy,3,train
data\raw\Actor_04\03-01-03-02-02-02-04.wav,4,happy,3,train
data\raw\Actor_04\03-01-01-01-01-01-04.wav,4,neutral,1,train
data\raw\Actor_04\03-01-01-01-01-02-04.wav,4,neutral,1,train
data\raw\Actor_04\03-01-01-01-02-01-04.wav,4,neutral,1,train
data\raw\Actor_04\03-01-01-01-02-02-04.wav,4,neutral,1,train
data\raw\Actor_04\03-01-04-01-01-01-04.wav,4,sad,4,train
data\raw\Actor_04\03-01-04-01-01-02-04.wav,4,sad,4,train
data\raw\Actor_04\03-01-04-01-02-01-04.wav,4,sad,4,train
data\raw\Actor_04\03-01-04-01-02-02-04.wav,4,sad,4,train
data\raw\Actor_04\03-01-04-02-01-01-04.wav,4,sad,4,train
data\raw\Actor_04\03-01-04-02-01-02-04.wav,4,sad,4,train
data\raw\Actor_04\03-01-04-02-02-01-04.wav,4,sad,4,train
data\raw\Actor_04\03-01-04-02-02-02-04.wav,4,sad,4,train
data\raw\Actor_05\03-01-05-01-01-01-05.wav,5,angry,5,train
data\raw\Actor_05\03-01-05-01-01-02-05.wav,5,angry,5,train
data\raw\Actor_05\03-01-05-01-02-01-05.wav,5,angry,5,train
data\raw\Actor_05\03-01-05-01-02-02-05.wav,5,angry,5,train
data\raw\Actor_05\03-01-05-02-01-01-05.wav,5,angry,5,train
data\raw\Actor_05\03-01-05-02-01-02-05.wav,5,angry,5,train
data\raw\Actor_05\03-01-05-02-02-01-05.wav,5,angry,5,train
data\raw\Actor_05\03-01-05-02-02-02-05.wav,5,angry,5,train
data\raw\Actor_05\03-01-03-01-01-01-05.wav,5,happy,3,train
data\raw\Actor_05\03-01-03-01-01-02-05.wav,5,happy,3,train
data\raw\Actor_05\03-01-03-01-02-01-05.wav,5,happy,3,train
data\raw\Actor_05\03-01-03-01-02-02-05.wav,5,happy,3,train
data\raw\Actor_05\03-01-03-02-01-01-05.wav,5,happy,3,train
data\raw\Actor_05\03-01-03-02-01-02-05.wav,5,happy,3,train
data\raw\Actor_05\03-01-03-02-02-01-05.wav,5,happy,3,train
data\raw\Actor_05\03-01-03-02-02-02-05.wav,5,happy,3,train
data\raw\Actor_05\03-01-01-01-01-01-05.wav,5,neutral,1,train
data\raw\Actor_05\03-01-01-01-01-02-05.wav,5,neutral,1,train
data\raw\Actor_05\03-01-01-01-02-01-05.wav,5,neutral,1,train
data\raw\Actor_05\03-01-01-01-02-02-05.wav,5,neutral,1,train
data\raw\Actor_05\03-01-04-01-01-01-05.wav,5,sad,4,train
data\raw\Actor_05\03-01-04-01-01-02-05.wav,5,sad,4,train
data\raw\Actor_05\03-01-04-01-02-01-05.wav,5,sad,4,train
data\raw\Actor_05\03-01-04-01-02-02-05.wav,5,sad,4,train
data\raw\Actor_05\03-01-04-02-01-01-05.wav,5,sad,4,train
data\raw\Actor_05\03-01-04-02-01-02-05.wav,5,sad,4,train
data\raw\Actor_05\03-01-04-02-02-01-05.wav,5,sad,4,train
data\raw\Actor_05\03-01-04-02-02-02-05.wav,5,sad,4,train
data\raw\Actor_06\03-01-05-01-01-01-06.wav,6,angry,5,train
data\raw\Actor_06\03-01-05-01-01-02-06.wav,6,angry,5,train
data\raw\Actor_06\03-01-05-01-02-01-06.wav,6,angry,5,train
data\raw\Actor_06\03-01-05-01-02-02-06.wav,6,angry,5,train
data\raw\Actor_06\03-01-05-02-01-01-06.wav,6,angry,5,train
data\raw\Actor_06\03-01-05-02-01-02-06.wav,6,angry,5,train
data\raw\Actor_06\03-01-05-02-02-01-06.wav,6,angry,5,train
data\raw\Actor_06\03-01-05-02-02-02-06.wav,6,angry,5,train
data\raw\Actor_06\03-01-03-01-01-01-06.wav,6,happy,3,train
data\raw\Actor_06\03-01-03-01-01-02-06.wav,6,happy,3,train
data\raw\Actor_06\03-01-03-01-02-01-06.wav,6,happy,3,train
data\raw\Actor_06\03-01-03-01-02-02-06.wav,6,happy,3,train
data\raw\Actor_06\03-01-03-02-01-01-06.wav,6,happy,3,train
data\raw\Actor_06\03-01-03-02-01-02-06.wav,6,happy,3,train
data\raw\Actor_06\03-01-03-02-02-01-06.wav,6,happy,3,train
data\raw\Actor_06\03-01-03-02-02-02-06.wav,6,happy,3,train
data\raw\Actor_06\03-01-01-01-01-01-06.wav,6,neutral,1,train
data\raw\Actor_06\03-01-01-01-01-02-06.wav,6,neutral,1,train
data\raw\Actor_06\03-01-01-01-02-01-06.wav,6,neutral,1,train
data\raw\Actor_06\03-01-01-01-02-02-06.wav,6,neutral,1,train
data\raw\Actor_06\03-01-04-01-01-01-06.wav,6,sad,4,train
data\raw\Actor_06\03-01-04-01-01-02-06.wav,6,sad,4,train
data\raw\Actor_06\03-01-04-01-02-01-06.wav,6,sad,4,train
data\raw\Actor_06\03-01-04-01-02-02-06.wav,6,sad,4,train
data\raw\Actor_06\03-01-04-02-01-01-06.wav,6,sad,4,train
data\raw\Actor_06\03-01-04-02-01-02-06.wav,6,sad,4,train
data\raw\Actor_06\03-01-04-02-02-01-06.wav,6,sad,4,train
data\raw\Actor_06\03-01-04-02-02-02-06.wav,6,sad,4,train
data\raw\Actor_07\03-01-05-01-01-01-07.wav,7,angry,5,train
data\raw\Actor_07\03-01-05-01-01-02-07.wav,7,angry,5,train
data\raw\Actor_07\03-01-05-01-02-01-07.wav,7,angry,5,train
data\raw\Actor_07\03-01-05-01-02-02-07.wav,7,angry,5,train
data\raw\Actor_07\03-01-05-02-01-01-07.wav,7,angry,5,train
data\raw\Actor_07\03-01-05-02-01-02-07.wav,7,angry,5,train
data\raw\Actor_07\03-01-05-02-02-01-07.wav,7,angry,5,train
data\raw\Actor_07\03-01-05-02-02-02-07.wav,7,angry,5,train
data\raw\Actor_07\03-01-03-01-01-01-07.wav,7,happy,3,train
data\raw\Actor_07\03-01-03-01-01-02-07.wav,7,happy,3,train
data\raw\Actor_07\03-01-03-01-02-01-07.wav,7,happy,3,train
data\raw\Actor_07\03-01-03-01-02-02-07.wav,7,happy,3,train
data\raw\Actor_07\03-01-03-02-01-01-07.wav,7,happy,3,train
data\raw\Actor_07\03-01-03-02-01-02-07.wav,7,happy,3,train
data\raw\Actor_07\03-01-03-02-02-01-07.wav,7,happy,3,train
data\raw\Actor_07\03-01-03-02-02-02-07.wav,7,happy,3,train
data\raw\Actor_07\03-01-01-01-01-01-07.wav,7,neutral,1,train
data\raw\Actor_07\03-01-01-01-01-02-07.wav,7,neutral,1,train
data\raw\Actor_07\03-01-01-01-02-01-07.wav,7,neutral,1,train
data\raw\Actor_07\03-01-01-01-02-02-07.wav,7,neutral,1,train
data\raw\Actor_07\03-01-04-01-01-01-07.wav,7,sad,4,train
data\raw\Actor_07\03-01-04-01-01-02-07.wav,7,sad,4,train
data\raw\Actor_07\03-01-04-01-02-01-07.wav,7,sad,4,train
data\raw\Actor_07\03-01-04-01-02-02-07.wav,7,sad,4,train
data\raw\Actor_07\03-01-04-02-01-01-07.wav,7,sad,4,train
data\raw\Actor_07\03-01-04-02-01-02-07.wav,7,sad,4,train
data\raw\Actor_07\03-01-04-02-02-01-07.wav,7,sad,4,train
data\raw\Actor_07\03-01-04-02-02-02-07.wav,7,sad,4,train
data\raw\Actor_08\03-01-05-01-01-01-08.wav,8,angry,5,train
data\raw\Actor_08\03-01-05-01-01-02-08.wav,8,angry,5,train
data\raw\Actor_08\03-01-05-01-02-01-08.wav,8,angry,5,train
data\raw\Actor_08\03-01-05-01-02-02-08.wav,8,angry,5,train
data\raw\Actor_08\03-01-05-02-01-01-08.wav,8,angry,5,train
data\raw\Actor_08\03-01-05-02-01-02-08.wav,8,angry,5,train
data\raw\Actor_08\03-01-05-02-02-01-08.wav,8,angry,5,train
data\raw\Actor_08\03-01-05-02-02-02-08.wav,8,angry,5,train
data\raw\Actor_08\03-01-03-01-01-01-08.wav,8,happy,3,train
data\raw\Actor_08\03-01-03-01-01-02-08.wav,8,happy,3,train
data\raw\Actor_08\03-01-03-01-02-01-08.wav,8,happy,3,train
data\raw\Actor_08\03-01-03-01-02-02-08.wav,8,happy,3,train
data\raw\Actor_08\03-01-03-02-01-01-08.wav,8,happy,3,train
data\raw\Actor_08\03-01-03-02-01-02-08.wav,8,happy,3,train
data\raw\Actor_08\03-01-03-02-02-01-08.wav,8,happy,3,train
data\raw\Actor_08\03-01-03-02-02-02-08.wav,8,happy,3,train
data\raw\Actor_08\03-01-01-01-01-01-08.wav,8,neutral,1,train
data\raw\Actor_08\03-01-01-01-01-02-08.wav,8,neutral,1,train
data\raw\Actor_08\03-01-01-01-02-01-08.wav,8,neutral,1,train
data\raw\Actor_08\03-01-01-01-02-02-08.wav,8,neutral,1,train
data\raw\Actor_08\03-01-04-01-01-01-08.wav,8,sad,4,train
data\raw\Actor_08\03-01-04-01-01-02-08.wav,8,sad,4,train
data\raw\Actor_08\03-01-04-01-02-01-08.wav,8,sad,4,train
data\raw\Actor_08\03-01-04-01-02-02-08.wav,8,sad,4,train
data\raw\Actor_08\03-01-04-02-01-01-08.wav,8,sad,4,train
data\raw\Actor_08\03-01-04-02-01-02-08.wav,8,sad,4,train
data\raw\Actor_08\03-01-04-02-02-01-08.wav,8,sad,4,train
data\raw\Actor_08\03-01-04-02-02-02-08.wav,8,sad,4,train
data\raw\Actor_11\03-01-05-01-01-01-11.wav,11,angry,5,train
data\raw\Actor_11\03-01-05-01-01-02-11.wav,11,angry,5,train
data\raw\Actor_11\03-01-05-01-02-01-11.wav,11,angry,5,train
data\raw\Actor_11\03-01-05-01-02-02-11.wav,11,angry,5,train
data\raw\Actor_11\03-01-05-02-01-01-11.wav,11,angry,5,train
data\raw\Actor_11\03-01-05-02-01-02-11.wav,11,angry,5,train
data\raw\Actor_11\03-01-05-02-02-01-11.wav,11,angry,5,train
data\raw\Actor_11\03-01-05-02-02-02-11.wav,11,angry,5,train
data\raw\Actor_11\03-01-03-01-01-01-11.wav,11,happy,3,train
data\raw\Actor_11\03-01-03-01-01-02-11.wav,11,happy,3,train
data\raw\Actor_11\03-01-03-01-02-01-11.wav,11,happy,3,train
data\raw\Actor_11\03-01-03-01-02-02-11.wav,11,happy,3,train
data\raw\Actor_11\03-01-03-02-01-01-11.wav,11,happy,3,train
data\raw\Actor_11\03-01-03-02-01-02-11.wav,11,happy,3,train
data\raw\Actor_11\03-01-03-02-02-01-11.wav,11,happy,3,train
data\raw\Actor_11\03-01-03-02-02-02-11.wav,11,happy,3,train
data\raw\Actor_11\03-01-01-01-01-01-11.wav,11,neutral,1,train
data\raw\Actor_11\03-01-01-01-01-02-11.wav,11,neutral,1,train
data\raw\Actor_11\03-01-01-01-02-01-11.wav,11,neutral,1,train
data\raw\Actor_11\03-01-01-01-02-02-11.wav,11,neutral,1,train
data\raw\Actor_11\03-01-04-01-01-01-11.wav,11,sad,4,train
data\raw\Actor_11\03-01-04-01-01-02-11.wav,11,sad,4,train
data\raw\Actor_11\03-01-04-01-02-01-11.wav,11,sad,4,train
data\raw\Actor_11\03-01-04-01-02-02-11.wav,11,sad,4,train
data\raw\Actor_11\03-01-04-02-01-01-11.wav,11,sad,4,train
data\raw\Actor_11\03-01-04-02-01-02-11.wav,11,sad,4,train
data\raw\Actor_11\03-01-04-02-02-01-11.wav,11,sad,4,train
data\raw\Actor_11\03-01-04-02-02-02-11.wav,11,sad,4,train
data\raw\Actor_13\03-01-05-01-01-01-13.wav,13,angry,5,train
data\raw\Actor_13\03-01-05-01-01-02-13.wav,13,angry,5,train
data\raw\Actor_13\03-01-05-01-02-01-13.wav,13,angry,5,train
data\raw\Actor_13\03-01-05-01-02-02-13.wav,13,angry,5,train
data\raw\Actor_13\03-01-05-02-01-01-13.wav,13,angry,5,train
data\raw\Actor_13\03-01-05-02-01-02-13.wav,13,angry,5,train
data\raw\Actor_13\03-01-05-02-02-01-13.wav,13,angry,5,train
data\raw\Actor_13\03-01-05-02-02-02-13.wav,13,angry,5,train
data\raw\Actor_13\03-01-03-01-01-01-13.wav,13,happy,3,train
data\raw\Actor_13\03-01-03-01-01-02-13.wav,13,happy,3,train
data\raw\Actor_13\03-01-03-01-02-01-13.wav,13,happy,3,train
data\raw\Actor_13\03-01-03-01-02-02-13.wav,13,happy,3,train
data\raw\Actor_13\03-01-03-02-01-01-13.wav,13,happy,3,train
data\raw\Actor_13\03-01-03-02-01-02-13.wav,13,happy,3,train
data\raw\Actor_13\03-01-03-02-02-01-13.wav,13,happy,3,train
data\raw\Actor_13\03-01-03-02-02-02-13.wav,13,happy,3,train
data\raw\Actor_13\03-01-01-01-01-01-13.wav,13,neutral,1,train
data\raw\Actor_13\03-01-01-01-01-02-13.wav,13,neutral,1,train
data\raw\Actor_13\03-01-01-01-02-01-13.wav,13,neutral,1,train
data\raw\Actor_13\03-01-01-01-02-02-13.wav,13,neutral,1,train
data\raw\Actor_13\03-01-04-01-01-01-13.wav,13,sad,4,train
data\raw\Actor_13\03-01-04-01-01-02-13.wav,13,sad,4,train
data\raw\Actor_13\03-01-04-01-02-01-13.wav,13,sad,4,train
data\raw\Actor_13\03-01-04-01-02-02-13.wav,13,sad,4,train
data\raw\Actor_13\03-01-04-02-01-01-13.wav,13,sad,4,train
data\raw\Actor_13\03-01-04-02-01-02-13.wav,13,sad,4,train
data\raw\Actor_13\03-01-04-02-02-01-13.wav,13,sad,4,train
data\raw\Actor_13\03-01-04-02-02-02-13.wav,13,sad,4,train
data\raw\Actor_15\03-01-05-01-01-01-15.wav,15,angry,5,train
data\raw\Actor_15\03-01-05-01-01-02-15.wav,15,angry,5,train
data\raw\Actor_15\03-01-05-01-02-01-15.wav,15,angry,5,train
data\raw\Actor_15\03-01-05-01-02-02-15.wav,15,angry,5,train
data\raw\Actor_15\03-01-05-02-01-01-15.wav,15,angry,5,train
data\raw\Actor_15\03-01-05-02-01-02-15.wav,15,angry,5,train
data\raw\Actor_15\03-01-05-02-02-01-15.wav,15,angry,5,train
data\raw\Actor_15\03-01-05-02-02-02-15.wav,15,angry,5,train
data\raw\Actor_15\03-01-03-01-01-01-15.wav,15,happy,3,train
data\raw\Actor_15\03-01-03-01-01-02-15.wav,15,happy,3,train
data\raw\Actor_15\03-01-03-01-02-01-15.wav,15,happy,3,train
data\raw\Actor_15\03-01-03-01-02-02-15.wav,15,happy,3,train
data\raw\Actor_15\03-01-03-02-01-01-15.wav,15,happy,3,train
data\raw\Actor_15\03-01-03-02-01-02-15.wav,15,happy,3,train
data\raw\Actor_15\03-01-03-02-02-01-15.wav,15,happy,3,train
data\raw\Actor_15\03-01-03-02-02-02-15.wav,15,happy,3,train
data\raw\Actor_15\03-01-01-01-01-01-15.wav,15,neutral,1,train
data\raw\Actor_15\03-01-01-01-01-02-15.wav,15,neutral,1,train
data\raw\Actor_15\03-01-01-01-02-01-15.wav,15,neutral,1,train
data\raw\Actor_15\03-01-01-01-02-02-15.wav,15,neutral,1,train
data\raw\Actor_15\03-01-04-01-01-01-15.wav,15,sad,4,train
data\raw\Actor_15\03-01-04-01-01-02-15.wav,15,sad,4,train
data\raw\Actor_15\03-01-04-01-02-01-15.wav,15,sad,4,train
data\raw\Actor_15\03-01-04-01-02-02-15.wav,15,sad,4,train
data\raw\Actor_15\03-01-04-02-01-01-15.wav,15,sad,4,train
data\raw\Actor_15\03-01-04-02-01-02-15.wav,15,sad,4,train
data\raw\Actor_15\03-01-04-02-02-01-15.wav,15,sad,4,train
data\raw\Actor_15\03-01-04-02-02-02-15.wav,15,sad,4,train
data\raw\Actor_16\03-01-05-01-01-01-16.wav,16,angry,5,train
data\raw\Actor_16\03-01-05-01-01-02-16.wav,16,angry,5,train
data\raw\Actor_16\03-01-05-01-02-01-16.wav,16,angry,5,train
data\raw\Actor_16\03-01-05-01-02-02-16.wav,16,angry,5,train
data\raw\Actor_16\03-01-05-02-01-01-16.wav,16,angry,5,train
data\raw\Actor_16\03-01-05-02-01-02-16.wav,16,angry,5,train
data\raw\Actor_16\03-01-05-02-02-01-16.wav,16,angry,5,train
data\raw\Actor_16\03-01-05-02-02-02-16.wav,16,angry,5,train
data\raw\Actor_16\03-01-03-01-01-01-16.wav,16,happy,3,train
data\raw\Actor_16\03-01-03-01-01-02-16.wav,16,happy,3,train
data\raw\Actor_16\03-01-03-01-02-01-16.wav,16,happy,3,train
data\raw\Actor_16\03-01-03-01-02-02-16.wav,16,happy,3,train
data\raw\Actor_16\03-01-03-02-01-01-16.wav,16,happy,3,train
data\raw\Actor_16\03-01-03-02-01-02-16.wav,16,happy,3,train
data\raw\Actor_16\03-01-03-02-02-01-16.wav,16,happy,3,train
data\raw\Actor_16\03-01-03-02-02-02-16.wav,16,happy,3,train
data\raw\Actor_16\03-01-01-01-01-01-16.wav,16,neutral,1,train
data\raw\Actor_16\03-01-01-01-01-02-16.wav,16,neutral,1,train
data\raw\Actor_16\03-01-01-01-02-01-16.wav,16,neutral,1,train
data\raw\Actor_16\03-01-01-01-02-02-16.wav,16,neutral,1,train
data\raw\Actor_16\03-01-04-01-01-01-16.wav,16,sad,4,train
data\raw\Actor_16\03-01-04-01-01-02-16.wav,16,sad,4,train
data\raw\Actor_16\03-01-04-01-02-01-16.wav,16,sad,4,train
data\raw\Actor_16\03-01-04-01-02-02-16.wav,16,sad,4,train
data\raw\Actor_16\03-01-04-02-01-01-16.wav,16,sad,4,train
data\raw\Actor_16\03-01-04-02-01-02-16.wav,16,sad,4,train
data\raw\Actor_16\03-01-04-02-02-01-16.wav,16,sad,4,train
data\raw\Actor_16\03-01-04-02-02-02-16.wav,16,sad,4,train
data\raw\Actor_18\03-01-05-01-01-01-18.wav,18,angry,5,train
data\raw\Actor_18\03-01-05-01-01-02-18.wav,18,angry,5,train
data\raw\Actor_18\03-01-05-01-02-01-18.wav,18,angry,5,train
data\raw\Actor_18\03-01-05-01-02-02-18.wav,18,angry,5,train
data\raw\Actor_18\03-01-05-02-01-01-18.wav,18,angry,5,train
data\raw\Actor_18\03-01-05-02-01-02-18.wav,18,angry,5,train
data\raw\Actor_18\03-01-05-02-02-01-18.wav,18,angry,5,train
data\raw\Actor_18\03-01-05-02-02-02-18.wav,18,angry,5,train
data\raw\Actor_18\03-01-03-01-01-01-18.wav,18,happy,3,train
data\raw\Actor_18\03-01-03-01-01-02-18.wav,18,happy,3,train
data\raw\Actor_18\03-01-03-01-02-01-18.wav,18,happy,3,train
data\raw\Actor_18\03-01-03-01-02-02-18.wav,18,happy,3,train
data\raw\Actor_18\03-01-03-02-01-01-18.wav,18,happy,3,train
data\raw\Actor_18\03-01-03-02-01-02-18.wav,18,happy,3,train
data\raw\Actor_18\03-01-03-02-02-01-18.wav,18,happy,3,train
data\raw\Actor_18\03-01-03-02-02-02-18.wav,18,happy,3,train
data\raw\Actor_18\03-01-01-01-01-01-18.wav,18,neutral,1,train
data\raw\Actor_18\03-01-01-01-01-02-18.wav,18,neutral,1,train
data\raw\Actor_18\03-01-01-01-02-01-18.wav,18,neutral,1,train
data\raw\Actor_18\03-01-01-01-02-02-18.wav,18,neutral,1,train
data\raw\Actor_18\03-01-04-01-01-01-18.wav,18,sad,4,train
data\raw\Actor_18\03-01-04-01-01-02-18.wav,18,sad,4,train
data\raw\Actor_18\03-01-04-01-02-01-18.wav,18,sad,4,train
data\raw\Actor_18\03-01-04-01-02-02-18.wav,18,sad,4,train
data\raw\Actor_18\03-01-04-02-01-01-18.wav,18,sad,4,train
data\raw\Actor_18\03-01-04-02-01-02-18.wav,18,sad,4,train
data\raw\Actor_18\03-01-04-02-02-01-18.wav,18,sad,4,train
data\raw\Actor_18\03-01-04-02-02-02-18.wav,18,sad,4,train
data\raw\Actor_20\03-01-05-01-01-01-20.wav,20,angry,5,train
data\raw\Actor_20\03-01-05-01-01-02-20.wav,20,angry,5,train
data\raw\Actor_20\03-01-05-01-02-01-20.wav,20,angry,5,train
data\raw\Actor_20\03-01-05-01-02-02-20.wav,20,angry,5,train
data\raw\Actor_20\03-01-05-02-01-01-20.wav,20,angry,5,train
data\raw\Actor_20\03-01-05-02-01-02-20.wav,20,angry,5,train
data\raw\Actor_20\03-01-05-02-02-01-20.wav,20,angry,5,train
data\raw\Actor_20\03-01-05-02-02-02-20.wav,20,angry,5,train
data\raw\Actor_20\03-01-03-01-01-01-20.wav,20,happy,3,train
data\raw\Actor_20\03-01-03-01-01-02-20.wav,20,happy,3,train
data\raw\Actor_20\03-01-03-01-02-01-20.wav,20,happy,3,train
data\raw\Actor_20\03-01-03-01-02-02-20.wav,20,happy,3,train
data\raw\Actor_20\03-01-03-02-01-01-20.wav,20,happy,3,train
data\raw\Actor_20\03-01-03-02-01-02-20.wav,20,happy,3,train
data\raw\Actor_20\03-01-03-02-02-01-20.wav,20,happy,3,train
data\raw\Actor_20\03-01-03-02-02-02-20.wav,20,happy,3,train
data\raw\Actor_20\03-01-01-01-01-01-20.wav,20,neutral,1,train
data\raw\Actor_20\03-01-01-01-01-02-20.wav,20,neutral,1,train
data\raw\Actor_20\03-01-01-01-02-01-20.wav,20,neutral,1,train
data\raw\Actor_20\03-01-01-01-02-02-20.wav,20,neutral,1,train
data\raw\Actor_20\03-01-04-01-01-01-20.wav,20,sad,4,train
data\raw\Actor_20\03-01-04-01-01-02-20.wav,20,sad,4,train
data\raw\Actor_20\03-01-04-01-02-01-20.wav,20,sad,4,train
data\raw\Actor_20\03-01-04-01-02-02-20.wav,20,sad,4,train
data\raw\Actor_20\03-01-04-02-01-01-20.wav,20,sad,4,train
data\raw\Actor_20\03-01-04-02-01-02-20.wav,20,sad,4,train
data\raw\Actor_20\03-01-04-02-02-01-20.wav,20,sad,4,train
data\raw\Actor_20\03-01-04-02-02-02-20.wav,20,sad,4,train
data\raw\Actor_21\03-01-05-01-01-01-21.wav,21,angry,5,train
data\raw\Actor_21\03-01-05-01-01-02-21.wav,21,angry,5,train
data\raw\Actor_21\03-01-05-01-02-01-21.wav,21,angry,5,train
data\raw\Actor_21\03-01-05-01-02-02-21.wav,21,angry,5,train
data\raw\Actor_21\03-01-05-02-01-01-21.wav,21,angry,5,train
data\raw\Actor_21\03-01-05-02-01-02-21.wav,21,angry,5,train
data\raw\Actor_21\03-01-05-02-02-01-21.wav,21,angry,5,train
data\raw\Actor_21\03-01-05-02-02-02-21.wav,21,angry,5,train
data\raw\Actor_21\03-01-03-01-01-01-21.wav,21,happy,3,train
data\raw\Actor_21\03-01-03-01-01-02-21.wav,21,happy,3,train
data\raw\Actor_21\03-01-03-01-02-01-21.wav,21,happy,3,train
data\raw\Actor_21\03-01-03-01-02-02-21.wav,21,happy,3,train
data\raw\Actor_21\03-01-03-02-01-01-21.wav,21,happy,3,train
data\raw\Actor_21\03-01-03-02-01-02-21.wav,21,happy,3,train
data\raw\Actor_21\03-01-03-02-02-01-21.wav,21,happy,3,train
data\raw\Actor_21\03-01-03-02-02-02-21.wav,21,happy,3,train
data\raw\Actor_21\03-01-01-01-01-01-21.wav,21,neutral,1,train
data\raw\Actor_21\03-01-01-01-01-02-21.wav,21,neutral,1,train
data\raw\Actor_21\03-01-01-01-02-01-21.wav,21,neutral,1,train
data\raw\Actor_21\03-01-01-01-02-02-21.wav,21,neutral,1,train
data\raw\Actor_21\03-01-04-01-01-01-21.wav,21,sad,4,train
data\raw\Actor_21\03-01-04-01-01-02-21.wav,21,sad,4,train
data\raw\Actor_21\03-01-04-01-02-01-21.wav,21,sad,4,train
data\raw\Actor_21\03-01-04-01-02-02-21.wav,21,sad,4,train
data\raw\Actor_21\03-01-04-02-01-01-21.wav,21,sad,4,train
data\raw\Actor_21\03-01-04-02-01-02-21.wav,21,sad,4,train
data\raw\Actor_21\03-01-04-02-02-01-21.wav,21,sad,4,train
data\raw\Actor_21\03-01-04-02-02-02-21.wav,21,sad,4,train
data\raw\Actor_22\03-01-05-01-01-01-22.wav,22,angry,5,train
data\raw\Actor_22\03-01-05-01-01-02-22.wav,22,angry,5,train
data\raw\Actor_22\03-01-05-01-02-01-22.wav,22,angry,5,train
data\raw\Actor_22\03-01-05-01-02-02-22.wav,22,angry,5,train
data\raw\Actor_22\03-01-05-02-01-01-22.wav,22,angry,5,train
data\raw\Actor_22\03-01-05-02-01-02-22.wav,22,angry,5,train
data\raw\Actor_22\03-01-05-02-02-01-22.wav,22,angry,5,train
data\raw\Actor_22\03-01-05-02-02-02-22.wav,22,angry,5,train
data\raw\Actor_22\03-01-03-01-01-01-22.wav,22,happy,3,train
data\raw\Actor_22\03-01-03-01-01-02-22.wav,22,happy,3,train
data\raw\Actor_22\03-01-03-01-02-01-22.wav,22,happy,3,train
data\raw\Actor_22\03-01-03-01-02-02-22.wav,22,happy,3,train
data\raw\Actor_22\03-01-03-02-01-01-22.wav,22,happy,3,train
data\raw\Actor_22\03-01-03-02-01-02-22.wav,22,happy,3,train
data\raw\Actor_22\03-01-03-02-02-01-22.wav,22,happy,3,train
data\raw\Actor_22\03-01-03-02-02-02-22.wav,22,happy,3,train
data\raw\Actor_22\03-01-01-01-01-01-22.wav,22,neutral,1,train
data\raw\Actor_22\03-01-01-01-01-02-22.wav,22,neutral,1,train
data\raw\Actor_22\03-01-01-01-02-01-22.wav,22,neutral,1,train
data\raw\Actor_22\03-01-01-01-02-02-22.wav,22,neutral,1,train
data\raw\Actor_22\03-01-04-01-01-01-22.wav,22,sad,4,train
data\raw\Actor_22\03-01-04-01-01-02-22.wav,22,sad,4,train
data\raw\Actor_22\03-01-04-01-02-01-22.wav,22,sad,4,train
data\raw\Actor_22\03-01-04-01-02-02-22.wav,22,sad,4,train
data\raw\Actor_22\03-01-04-02-01-01-22.wav,22,sad,4,train
data\raw\Actor_22\03-01-04-02-01-02-22.wav,22,sad,4,train
data\raw\Actor_22\03-01-04-02-02-01-22.wav,22,sad,4,train
data\raw\Actor_22\03-01-04-02-02-02-22.wav,22,sad,4,train
data\raw\Actor_23\03-01-05-01-01-01-23.wav,23,angry,5,train
data\raw\Actor_23\03-01-05-01-01-02-23.wav,23,angry,5,train
data\raw\Actor_23\03-01-05-01-02-01-23.wav,23,angry,5,train
data\raw\Actor_23\03-01-05-01-02-02-23.wav,23,angry,5,train
data\raw\Actor_23\03-01-05-02-01-01-23.wav,23,angry,5,train
data\raw\Actor_23\03-01-05-02-01-02-23.wav,23,angry,5,train
data\raw\Actor_23\03-01-05-02-02-01-23.wav,23,angry,5,train
data\raw\Actor_23\03-01-05-02-02-02-23.wav,23,angry,5,train
data\raw\Actor_23\03-01-03-01-01-01-23.wav,23,happy,3,train
data\raw\Actor_23\03-01-03-01-01-02-23.wav,23,happy,3,train
data\raw\Actor_23\03-01-03-01-02-01-23.wav,23,happy,3,train
data\raw\Actor_23\03-01-03-01-02-02-23.wav,23,happy,3,train
data\raw\Actor_23\03-01-03-02-01-01-23.wav,23,happy,3,train
data\raw\Actor_23\03-01-03-02-01-02-23.wav,23,happy,3,train
data\raw\Actor_23\03-01-03-02-02-01-23.wav,23,happy,3,train
data\raw\Actor_23\03-01-03-02-02-02-23.wav,23,happy,3,train
data\raw\Actor_23\03-01-01-01-01-01-23.wav,23,neutral,1,train
data\raw\Actor_23\03-01-01-01-01-02-23.wav,23,neutral,1,train
data\raw\Actor_23\03-01-01-01-02-01-23.wav,23,neutral,1,train
data\raw\Actor_23\03-01-01-01-02-02-23.wav,23,neutral,1,train
data\raw\Actor_23\03-01-04-01-01-01-23.wav,23,sad,4,train
data\raw\Actor_23\03-01-04-01-01-02-23.wav,23,sad,4,train
data\raw\Actor_23\03-01-04-01-02-01-23.wav,23,sad,4,train
data\raw\Actor_23\03-01-04-01-02-02-23.wav,23,sad,4,train
data\raw\Actor_23\03-01-04-02-01-01-23.wav,23,sad,4,train
data\raw\Actor_23\03-01-04-02-01-02-23.wav,23,sad,4,train
data\raw\Actor_23\03-01-04-02-02-01-23.wav,23,sad,4,train
data\raw\Actor_23\03-01-04-02-02-02-23.wav,23,sad,4,train
data\raw\Actor_24\03-01-05-01-01-01-24.wav,24,angry,5,train
data\raw\Actor_24\03-01-05-01-01-02-24.wav,24,angry,5,train
data\raw\Actor_24\03-01-05-01-02-01-24.wav,24,angry,5,train
data\raw\Actor_24\03-01-05-01-02-02-24.wav,24,angry,5,train
data\raw\Actor_24\03-01-05-02-01-01-24.wav,24,angry,5,train
data\raw\Actor_24\03-01-05-02-01-02-24.wav,24,angry,5,train
data\raw\Actor_24\03-01-05-02-02-01-24.wav,24,angry,5,train
data\raw\Actor_24\03-01-05-02-02-02-24.wav,24,angry,5,train
data\raw\Actor_24\03-01-03-01-01-01-24.wav,24,happy,3,train
data\raw\Actor_24\03-01-03-01-01-02-24.wav,24,happy,3,train
data\raw\Actor_24\03-01-03-01-02-01-24.wav,24,happy,3,train
data\raw\Actor_24\03-01-03-01-02-02-24.wav,24,happy,3,train
data\raw\Actor_24\03-01-03-02-01-01-24.wav,24,happy,3,train
data\raw\Actor_24\03-01-03-02-01-02-24.wav,24,happy,3,train
data\raw\Actor_24\03-01-03-02-02-01-24.wav,24,happy,3,train
data\raw\Actor_24\03-01-03-02-02-02-24.wav,24,happy,3,train
data\raw\Actor_24\03-01-01-01-01-01-24.wav,24,neutral,1,train
data\raw\Actor_24\03-01-01-01-01-02-24.wav,24,neutral,1,train
data\raw\Actor_24\03-01-01-01-02-01-24.wav,24,neutral,1,train
data\raw\Actor_24\03-01-01-01-02-02-24.wav,24,neutral,1,train
data\raw\Actor_24\03-01-04-01-01-01-24.wav,24,sad,4,train
data\raw\Actor_24\03-01-04-01-01-02-24.wav,24,sad,4,train
data\raw\Actor_24\03-01-04-01-02-01-24.wav,24,sad,4,train
data\raw\Actor_24\03-01-04-01-02-02-24.wav,24,sad,4,train
data\raw\Actor_24\03-01-04-02-01-01-24.wav,24,sad,4,train
data\raw\Actor_24\03-01-04-02-01-02-24.wav,24,sad,4,train
data\raw\Actor_24\03-01-04-02-02-01-24.wav,24,sad,4,train
data\raw\Actor_24\03-01-04-02-02-02-24.wav,24,sad,4,train
data\raw\Actor_09\03-01-05-01-01-01-09.wav,9,angry,5,validation
data\raw\Actor_09\03-01-05-01-01-02-09.wav,9,angry,5,validation
data\raw\Actor_09\03-01-05-01-02-01-09.wav,9,angry,5,validation
data\raw\Actor_09\03-01-05-01-02-02-09.wav,9,angry,5,validation
data\raw\Actor_09\03-01-05-02-01-01-09.wav,9,angry,5,validation
data\raw\Actor_09\03-01-05-02-01-02-09.wav,9,angry,5,validation
data\raw\Actor_09\03-01-05-02-02-01-09.wav,9,angry,5,validation
data\raw\Actor_09\03-01-05-02-02-02-09.wav,9,angry,5,validation
data\raw\Actor_09\03-01-03-01-01-01-09.wav,9,happy,3,validation
data\raw\Actor_09\03-01-03-01-01-02-09.wav,9,happy,3,validation
data\raw\Actor_09\03-01-03-01-02-01-09.wav,9,happy,3,validation
data\raw\Actor_09\03-01-03-01-02-02-09.wav,9,happy,3,validation
data\raw\Actor_09\03-01-03-02-01-01-09.wav,9,happy,3,validation
data\raw\Actor_09\03-01-03-02-01-02-09.wav,9,happy,3,validation
data\raw\Actor_09\03-01-03-02-02-01-09.wav,9,happy,3,validation
data\raw\Actor_09\03-01-03-02-02-02-09.wav,9,happy,3,validation
data\raw\Actor_09\03-01-01-01-01-01-09.wav,9,neutral,1,validation
data\raw\Actor_09\03-01-01-01-01-02-09.wav,9,neutral,1,validation
data\raw\Actor_09\03-01-01-01-02-01-09.wav,9,neutral,1,validation
data\raw\Actor_09\03-01-01-01-02-02-09.wav,9,neutral,1,validation
data\raw\Actor_09\03-01-04-01-01-01-09.wav,9,sad,4,validation
data\raw\Actor_09\03-01-04-01-01-02-09.wav,9,sad,4,validation
data\raw\Actor_09\03-01-04-01-02-01-09.wav,9,sad,4,validation
data\raw\Actor_09\03-01-04-01-02-02-09.wav,9,sad,4,validation
data\raw\Actor_09\03-01-04-02-01-01-09.wav,9,sad,4,validation
data\raw\Actor_09\03-01-04-02-01-02-09.wav,9,sad,4,validation
data\raw\Actor_09\03-01-04-02-02-01-09.wav,9,sad,4,validation
data\raw\Actor_09\03-01-04-02-02-02-09.wav,9,sad,4,validation
data\raw\Actor_10\03-01-05-01-01-01-10.wav,10,angry,5,validation
data\raw\Actor_10\03-01-05-01-01-02-10.wav,10,angry,5,validation
data\raw\Actor_10\03-01-05-01-02-01-10.wav,10,angry,5,validation
data\raw\Actor_10\03-01-05-01-02-02-10.wav,10,angry,5,validation
data\raw\Actor_10\03-01-05-02-01-01-10.wav,10,angry,5,validation
data\raw\Actor_10\03-01-05-02-01-02-10.wav,10,angry,5,validation
data\raw\Actor_10\03-01-05-02-02-01-10.wav,10,angry,5,validation
data\raw\Actor_10\03-01-05-02-02-02-10.wav,10,angry,5,validation
data\raw\Actor_10\03-01-03-01-01-01-10.wav,10,happy,3,validation
data\raw\Actor_10\03-01-03-01-01-02-10.wav,10,happy,3,validation
data\raw\Actor_10\03-01-03-01-02-01-10.wav,10,happy,3,validation
data\raw\Actor_10\03-01-03-01-02-02-10.wav,10,happy,3,validation
data\raw\Actor_10\03-01-03-02-01-01-10.wav,10,happy,3,validation
data\raw\Actor_10\03-01-03-02-01-02-10.wav,10,happy,3,validation
data\raw\Actor_10\03-01-03-02-02-01-10.wav,10,happy,3,validation
data\raw\Actor_10\03-01-03-02-02-02-10.wav,10,happy,3,validation
data\raw\Actor_10\03-01-01-01-01-01-10.wav,10,neutral,1,validation
data\raw\Actor_10\03-01-01-01-01-02-10.wav,10,neutral,1,validation
data\raw\Actor_10\03-01-01-01-02-01-10.wav,10,neutral,1,validation
data\raw\Actor_10\03-01-01-01-02-02-10.wav,10,neutral,1,validation
data\raw\Actor_10\03-01-04-01-01-01-10.wav,10,sad,4,validation
data\raw\Actor_10\03-01-04-01-01-02-10.wav,10,sad,4,validation
data\raw\Actor_10\03-01-04-01-02-01-10.wav,10,sad,4,validation
data\raw\Actor_10\03-01-04-01-02-02-10.wav,10,sad,4,validation
data\raw\Actor_10\03-01-04-02-01-01-10.wav,10,sad,4,validation
data\raw\Actor_10\03-01-04-02-01-02-10.wav,10,sad,4,validation
data\raw\Actor_10\03-01-04-02-02-01-10.wav,10,sad,4,validation
data\raw\Actor_10\03-01-04-02-02-02-10.wav,10,sad,4,validation
data\raw\Actor_12\03-01-05-01-01-01-12.wav,12,angry,5,validation
data\raw\Actor_12\03-01-05-01-01-02-12.wav,12,angry,5,validation
data\raw\Actor_12\03-01-05-01-02-01-12.wav,12,angry,5,validation
data\raw\Actor_12\03-01-05-01-02-02-12.wav,12,angry,5,validation
data\raw\Actor_12\03-01-05-02-01-01-12.wav,12,angry,5,validation
data\raw\Actor_12\03-01-05-02-01-02-12.wav,12,angry,5,validation
data\raw\Actor_12\03-01-05-02-02-01-12.wav,12,angry,5,validation
data\raw\Actor_12\03-01-05-02-02-02-12.wav,12,angry,5,validation
data\raw\Actor_12\03-01-03-01-01-01-12.wav,12,happy,3,validation
data\raw\Actor_12\03-01-03-01-01-02-12.wav,12,happy,3,validation
data\raw\Actor_12\03-01-03-01-02-01-12.wav,12,happy,3,validation
data\raw\Actor_12\03-01-03-01-02-02-12.wav,12,happy,3,validation
data\raw\Actor_12\03-01-03-02-01-01-12.wav,12,happy,3,validation
data\raw\Actor_12\03-01-03-02-01-02-12.wav,12,happy,3,validation
data\raw\Actor_12\03-01-03-02-02-01-12.wav,12,happy,3,validation
data\raw\Actor_12\03-01-03-02-02-02-12.wav,12,happy,3,validation
data\raw\Actor_12\03-01-01-01-01-01-12.wav,12,neutral,1,validation
data\raw\Actor_12\03-01-01-01-01-02-12.wav,12,neutral,1,validation
data\raw\Actor_12\03-01-01-01-02-01-12.wav,12,neutral,1,validation
data\raw\Actor_12\03-01-01-01-02-02-12.wav,12,neutral,1,validation
data\raw\Actor_12\03-01-04-01-01-01-12.wav,12,sad,4,validation
data\raw\Actor_12\03-01-04-01-01-02-12.wav,12,sad,4,validation
data\raw\Actor_12\03-01-04-01-02-01-12.wav,12,sad,4,validation
data\raw\Actor_12\03-01-04-01-02-02-12.wav,12,sad,4,validation
data\raw\Actor_12\03-01-04-02-01-01-12.wav,12,sad,4,validation
data\raw\Actor_12\03-01-04-02-01-02-12.wav,12,sad,4,validation
data\raw\Actor_12\03-01-04-02-02-01-12.wav,12,sad,4,validation
data\raw\Actor_12\03-01-04-02-02-02-12.wav,12,sad,4,validation
data\raw\Actor_17\03-01-05-01-01-01-17.wav,17,angry,5,validation
data\raw\Actor_17\03-01-05-01-01-02-17.wav,17,angry,5,validation
data\raw\Actor_17\03-01-05-01-02-01-17.wav,17,angry,5,validation
data\raw\Actor_17\03-01-05-01-02-02-17.wav,17,angry,5,validation
data\raw\Actor_17\03-01-05-02-01-01-17.wav,17,angry,5,validation
data\raw\Actor_17\03-01-05-02-01-02-17.wav,17,angry,5,validation
data\raw\Actor_17\03-01-05-02-02-01-17.wav,17,angry,5,validation
data\raw\Actor_17\03-01-05-02-02-02-17.wav,17,angry,5,validation
data\raw\Actor_17\03-01-03-01-01-01-17.wav,17,happy,3,validation
data\raw\Actor_17\03-01-03-01-01-02-17.wav,17,happy,3,validation
data\raw\Actor_17\03-01-03-01-02-01-17.wav,17,happy,3,validation
data\raw\Actor_17\03-01-03-01-02-02-17.wav,17,happy,3,validation
data\raw\Actor_17\03-01-03-02-01-01-17.wav,17,happy,3,validation
data\raw\Actor_17\03-01-03-02-01-02-17.wav,17,happy,3,validation
data\raw\Actor_17\03-01-03-02-02-01-17.wav,17,happy,3,validation
data\raw\Actor_17\03-01-03-02-02-02-17.wav,17,happy,3,validation
data\raw\Actor_17\03-01-01-01-01-01-17.wav,17,neutral,1,validation
data\raw\Actor_17\03-01-01-01-01-02-17.wav,17,neutral,1,validation
data\raw\Actor_17\03-01-01-01-02-01-17.wav,17,neutral,1,validation
data\raw\Actor_17\03-01-01-01-02-02-17.wav,17,neutral,1,validation
data\raw\Actor_17\03-01-04-01-01-01-17.wav,17,sad,4,validation
data\raw\Actor_17\03-01-04-01-01-02-17.wav,17,sad,4,validation
data\raw\Actor_17\03-01-04-01-02-01-17.wav,17,sad,4,validation
data\raw\Actor_17\03-01-04-01-02-02-17.wav,17,sad,4,validation
data\raw\Actor_17\03-01-04-02-01-01-17.wav,17,sad,4,validation
data\raw\Actor_17\03-01-04-02-01-02-17.wav,17,sad,4,validation
data\raw\Actor_17\03-01-04-02-02-01-17.wav,17,sad,4,validation
data\raw\Actor_17\03-01-04-02-02-02-17.wav,17,sad,4,validation
